subject,trial_index
1,"Index([13, 80, 82, 138, 196, 208, 216, 280, 283], dtype='int64')"
2,"Index([576, 590, 594, 626, 627, 648, 656, 667, 753, 788, 790, 791, 808, 815,
       823, 831],
      dtype='int64')"
3,"Index([1152, 1153, 1154, 1193, 1265, 1271, 1324, 1360, 1377, 1435], dtype='int64')"
4,"Index([1805, 1872, 1873, 1874, 1907, 1949, 1960, 1985, 1987, 1991, 1995, 1996,
       2009],
      dtype='int64')"
5,"Index([2323, 2327, 2337, 2369, 2411, 2430, 2465, 2496, 2497, 2498, 2524, 2566,
       2585, 2588],
      dtype='int64')"
6,"Index([3005, 3016, 3018, 3029, 3035, 3041, 3065, 3127, 3145, 3160, 3164], dtype='int64')"
7,"Index([3494, 3532, 3545, 3575, 3585, 3619, 3631, 3691, 3700, 3714, 3715, 3736,
       3738, 3741],
      dtype='int64')"
8,"Index([4078, 4092, 4094, 4101, 4105, 4106, 4116, 4195, 4247, 4287, 4297], dtype='int64')"
9,"Index([4626, 4642, 4658, 4674, 4713, 4722, 4741, 4763, 4800, 4837, 4845, 4875,
       4880, 4891],
      dtype='int64')"
